{
    "n_gates": 3,
    "gates": [
        {
            "gate_id": 1,
            "vertex_idx": 7,
            "x": 0.075,
            "y": 0.0375,
            "z": -0.0006,
            "nx": 0.015996,
            "ny": 0.015996,
            "nz": -0.999744
        },
        {
            "gate_id": 2,
            "vertex_idx": 5,
            "x": 0.075,
            "y": 0.0375,
            "z": 0.0006,
            "nx": 0.003999,
            "ny": 0.015998,
            "nz": 0.999864
        },
        {
            "gate_id": 3,
            "vertex_idx": 5,
            "x": 0.075,
            "y": 0.0375,
            "z": 0.0006,
            "nx": 0.003999,
            "ny": 0.015998,
            "nz": 0.999864
        }
    ],
    "source": "gate_picker.py (simulated pick)"
}